date,tps,cpu_usage,ram_usage,players_online,avg_ping,treatment,iteration
2025-06-11 18:05:55.653000-06:00,19.748712783436403,28.585055061355842,1087,2,,T1,1
2025-06-11 18:06:55.653000-06:00,19.94221895108991,18.12348445636489,1285,2,,T1,1
2025-06-11 18:07:55.653000-06:00,19.8887036554371,24.861581655059922,1248,3,,T1,1
2025-06-11 18:08:55.653000-06:00,19.938329087463117,22.37985248447205,1317,3,,T1,1
2025-06-11 18:09:55.653000-06:00,19.820118338032255,23.489842132505178,1343,3,,T1,1
2025-06-11 18:10:55.653000-06:00,19.9955436940207,22.935630372043413,1326,3,,T1,1
2025-06-11 18:11:55.653000-06:00,19.960786866238305,27.985812315703626,1377,4,,T1,1
2025-06-11 18:12:55.653000-06:00,19.99230411170658,24.959292066629015,1443,4,,T1,1
2025-06-11 18:13:55.653000-06:00,19.99642458144555,27.31543595293594,1428,4,,T1,1
2025-06-11 18:14:55.653000-06:00,19.77054410668767,22.599842202674015,1403,4,,T1,1
2025-06-11 18:15:55.653000-06:00,19.988799190414113,22.5414549218897,1419,4,,T1,1
2025-06-11 18:16:55.653000-06:00,19.997314259424677,22.20607276177929,1425,4,,T1,1
2025-06-11 18:17:55.653000-06:00,19.921949769337516,19.977406048058224,1480,4,,T1,1
2025-06-11 18:18:55.653000-06:00,19.830459168547364,27.966163968881357,1412,5,,T1,1
2025-06-11 18:19:55.653000-06:00,19.620973509590833,25.89785914886029,1487,5,,T1,1
2025-06-11 18:20:55.653000-06:00,19.842711414329806,30.3651479860719,1517,5,,T1,1
2025-06-11 18:21:55.653000-06:00,19.84512076043003,26.950847763347763,1563,5,,T1,1
2025-06-11 18:22:55.653000-06:00,19.84767733781904,24.67741663529706,1608,4,,T1,1
2025-06-11 18:23:55.653000-06:00,19.9894990488007,19.382287549407117,1620,3,,T1,1
2025-06-11 18:24:55.653000-06:00,19.7878957494447,28.45128712344102,1614,3,,T1,1
2025-06-11 18:25:55.653000-06:00,19.99158922887966,19.725276836689883,1696,3,,T1,1
2025-06-11 18:26:55.653000-06:00,19.97076196535858,23.200274876090084,1659,4,,T1,1
2025-06-11 18:27:55.653000-06:00,19.922166237096178,22.96965775770124,1694,4,,T1,1
2025-06-11 18:28:55.653000-06:00,19.944806034515754,25.549589058284706,1676,4,,T1,1
2025-06-11 18:29:55.653000-06:00,19.776621172842837,24.27098626011669,1679,4,,T1,1
2025-06-11 18:30:55.653000-06:00,19.999115401424778,20.122076353598093,1705,4,,T1,1
2025-06-11 18:31:55.653000-06:00,20.0,20.660247662965048,1697,4,,T1,1
2025-06-11 18:32:55.653000-06:00,20.0,19.05483209423426,1697,4,,T1,1
2025-06-11 18:33:55.653000-06:00,20.0,20.14442601480645,1713,4,,T1,1
2025-06-11 18:34:55.653000-06:00,19.79833124426397,19.813017598343695,1706,4,,T1,1
2025-06-11 18:35:55.653000-06:00,19.999666465760413,19.568273966371788,1722,4,,T1,1
2025-06-11 18:36:55.653000-06:00,19.997139733687302,20.165292286216197,1702,4,,T1,1
2025-06-11 18:37:55.653000-06:00,19.916404391101356,22.56263057594579,1714,4,,T1,1
2025-06-11 18:38:55.653000-06:00,19.755154719344727,25.565746753246756,1716,4,,T1,1
2025-06-11 18:39:55.653000-06:00,19.54265122438722,23.135607463982748,1715,4,,T1,1
2025-06-11 18:40:55.653000-06:00,19.802825557898643,20.268463484138532,1696,4,,T1,1
2025-06-11 18:41:55.653000-06:00,19.733730217485252,23.81661529895225,1723,4,,T1,1
2025-06-11 18:42:55.653000-06:00,19.848855592327187,22.74733980317505,1718,4,,T1,1
2025-06-11 18:43:55.653000-06:00,19.914823148363784,19.806660549595332,1683,4,,T1,1
2025-06-11 18:44:55.653000-06:00,19.704943440066344,19.050020782357738,1712,4,,T1,1
2025-06-11 18:45:55.653000-06:00,19.984601271726856,18.79872874709832,1706,3,,T1,1
2025-06-11 18:46:55.653000-06:00,19.9825720026021,18.435811923583664,1676,3,,T1,1
2025-06-11 18:47:55.653000-06:00,19.93253406653241,22.33508610954262,1744,4,,T1,1
2025-06-11 18:48:55.653000-06:00,19.933960910307103,20.784794764414322,1723,4,,T1,1
2025-06-11 18:49:55.653000-06:00,19.8068675729944,18.305575161553417,1734,4,,T1,1
2025-06-11 18:50:55.653000-06:00,19.93538731676358,20.28731256666039,1727,4,,T1,1
2025-06-11 18:51:55.653000-06:00,19.98649405831973,19.95513951628082,1738,4,,T1,1
2025-06-11 18:52:55.653000-06:00,19.950655157632397,21.40233860342556,1680,5,,T1,1
2025-06-11 18:53:55.653000-06:00,19.999423446206606,18.644807939644895,1712,4,,T1,1
2025-06-11 18:54:55.653000-06:00,19.787653448519585,18.37045502012607,1717,4,,T1,1
2025-06-11 18:55:55.653000-06:00,19.999726145338553,19.07425379572118,1750,4,,T1,1
2025-06-11 18:56:55.653000-06:00,19.993287420687874,18.913227774640813,1712,4,,T1,1
2025-06-11 18:57:55.653000-06:00,19.99560935163053,23.45184005385665,1741,4,,T1,1
2025-06-11 18:58:55.653000-06:00,19.981547458054866,19.39476872764916,1746,4,,T1,1
2025-06-11 18:59:55.653000-06:00,19.657670635282294,19.910253647953883,1744,4,,T1,1
2025-06-11 19:00:55.653000-06:00,19.92105483634106,17.20331223727963,1750,4,,T1,1
2025-06-11 19:01:55.653000-06:00,19.97414687101229,20.27345073404856,1775,4,,T1,1
2025-06-11 19:02:55.653000-06:00,19.99737069765571,20.772570816864295,1762,4,,T1,1
2025-06-11 19:03:55.653000-06:00,19.999961430063436,21.14143178681222,1786,4,,T1,1
2025-06-11 19:04:55.653000-06:00,19.769158013136295,18.854003936884364,1759,4,,T1,1
2025-06-11 19:05:55.653000-06:00,19.990993936317082,20.695669819311135,1748,4,,T1,1
2025-06-11 19:06:55.653000-06:00,19.98136896551809,19.106795830980616,1765,4,,T1,1
2025-06-11 19:07:55.653000-06:00,19.900568212071665,20.700369376999813,1759,4,,T1,1
2025-06-11 19:08:55.653000-06:00,20.0,16.039135532342055,1779,2,,T1,1
2025-06-11 19:09:55.653000-06:00,19.861931536435478,14.544589920948612,1768,2,,T1,1
2025-06-11 19:10:55.653000-06:00,20.0,14.712638810464897,1740,2,,T1,1
2025-06-11 19:11:55.653000-06:00,19.997261112976595,16.178224402409185,1775,2,,T1,1
2025-06-11 19:12:55.653000-06:00,20.0,15.290754987765856,1733,2,,T1,1
2025-06-11 19:13:55.653000-06:00,20.0,15.776993537863103,1763,2,,T1,1
2025-06-11 19:14:55.653000-06:00,19.835393687925876,16.70194373862852,1748,2,,T1,1
2025-06-11 19:15:55.653000-06:00,20.0,15.440521284271284,1740,2,,T1,1
2025-06-11 19:16:55.653000-06:00,20.0,15.742122310057095,1741,2,,T1,1
2025-06-11 19:17:55.653000-06:00,20.0,13.358789760963674,1763,2,,T1,1
2025-06-11 19:18:55.653000-06:00,20.0,14.780130497521803,1701,2,,T1,1
2025-06-11 19:19:55.653000-06:00,19.82113285579657,12.890300520735302,1735,2,,T1,1
2025-06-11 19:20:55.653000-06:00,20.0,12.943936649099692,1724,2,,T1,1
2025-06-11 19:21:55.653000-06:00,20.0,15.699820016939583,1753,2,,T1,1
2025-06-11 19:22:55.653000-06:00,20.0,13.999517692452477,1725,2,,T1,1
2025-06-11 19:23:55.653000-06:00,20.0,13.642598343685302,1730,2,,T1,1
2025-06-11 19:24:55.653000-06:00,19.866675721574993,15.487089450404671,1733,2,,T1,1
2025-06-11 19:25:55.653000-06:00,20.0,14.453255379885816,1740,2,,T1,1
2025-06-11 19:26:55.653000-06:00,20.0,15.49197957839262,1742,2,,T1,1
2025-06-11 19:27:55.653000-06:00,20.0,13.511200906581342,1702,2,,T1,1
2025-06-11 19:28:55.653000-06:00,20.0,15.885083364702927,1741,2,,T1,1
2025-06-11 19:29:55.653000-06:00,19.85313083554745,13.800114891147498,1733,2,,T1,1
2025-06-11 19:30:55.653000-06:00,20.0,17.853352719299505,1708,2,,T1,1
2025-06-11 19:31:55.653000-06:00,19.99925065972472,17.87277275864232,1730,2,,T1,1
2025-06-11 19:32:55.653000-06:00,19.999934651229047,17.398887947800986,1753,2,,T1,1
2025-06-11 19:33:55.653000-06:00,19.996657426151504,18.574851572277193,1705,2,,T1,1
2025-06-11 19:34:55.653000-06:00,19.835914941123487,17.234805351653172,1755,2,,T1,1
2025-06-11 19:35:55.653000-06:00,20.0,17.72305743773135,1734,2,,T1,1
2025-06-11 19:36:55.653000-06:00,19.9731187147008,18.58510671303863,1729,2,,T1,1
2025-06-11 19:37:55.653000-06:00,20.0,15.437509802998933,1771,1,,T1,1
2025-06-11 19:38:55.653000-06:00,20.0,14.714471971265452,1766,1,,T1,1
2025-06-11 19:39:55.653000-06:00,19.866418099261463,13.256054332141291,1750,1,,T1,1
2025-06-11 19:40:55.653000-06:00,20.0,13.359836721249767,1798,1,,T1,1
2025-06-11 19:41:55.653000-06:00,20.0,13.187094155844155,1735,1,,T1,1
2025-06-11 19:42:55.653000-06:00,20.0,14.243081043352785,1804,1,,T1,1
2025-06-11 19:43:55.653000-06:00,20.0,14.59928751803752,1734,1,,T1,1
2025-06-11 19:44:55.653000-06:00,19.87409436780381,13.043086140912228,1785,1,,T1,1
2025-06-11 19:45:55.653000-06:00,20.0,13.63978684359119,1745,1,,T1,1
2025-06-11 19:46:55.653000-06:00,20.0,13.97256532718489,1773,1,,T1,1
2025-06-11 19:47:55.653000-06:00,20.0,13.639184939456678,1745,1,,T1,1
2025-06-11 19:48:55.653000-06:00,20.0,12.28571820691386,1800,1,,T1,1
2025-06-11 19:49:55.653000-06:00,19.86329384327893,13.026009316770182,1718,1,,T1,1
2025-06-11 19:50:55.653000-06:00,20.0,11.13825443879792,1768,1,,T1,1
2025-06-11 19:51:55.653000-06:00,20.0,13.26025589748416,1797,1,,T1,1
2025-06-11 19:52:55.653000-06:00,20.0,13.40291305916306,1710,1,,T1,1
2025-06-11 19:53:55.653000-06:00,20.0,12.775550536420099,1789,1,,T1,1
2025-06-11 19:54:55.653000-06:00,19.865681633881596,11.711734581843276,1716,1,,T1,1
2025-06-11 19:55:55.653000-06:00,20.0,12.591393359056408,1754,1,,T1,1
2025-06-11 19:56:55.653000-06:00,20.0,12.086503623188406,1775,1,,T1,1
2025-06-11 19:57:55.653000-06:00,20.0,13.14001819436602,1724,1,,T1,1
2025-06-11 19:58:55.653000-06:00,20.0,12.194420917247006,1776,1,,T1,1
2025-06-11 19:59:55.653000-06:00,19.86126348988451,18.499217720685113,1729,2,,T1,1
2025-06-11 20:00:55.653000-06:00,20.0,17.560286482840826,1744,2,,T1,1
2025-06-11 20:01:55.653000-06:00,19.964354369657045,20.621699526319087,1735,3,,T1,1
2025-06-11 20:02:55.653000-06:00,19.986843585070638,22.862211399711395,1812,3,,T1,1
2025-06-11 20:03:55.653000-06:00,19.97286217924845,20.58066691762344,1826,3,,T1,1
2025-06-11 20:04:55.653000-06:00,19.764961525335213,18.401170085952693,1846,3,,T1,1
2025-06-11 20:05:55.653000-06:00,19.92603846850499,19.700861487546263,1901,3,,T1,1
2025-06-11 20:06:55.653000-06:00,19.98715884580697,22.766551899346528,1878,3,,T1,1
2025-06-11 20:07:55.653000-06:00,19.98567394481836,19.654910518225726,1879,3,,T1,1
2025-06-11 20:08:55.653000-06:00,19.898228626060643,25.604559178743962,1925,4,,T1,1
2025-06-11 20:09:55.653000-06:00,19.67138288875185,24.811151107346767,2030,4,,T1,1
2025-06-11 20:10:55.653000-06:00,19.983300007744727,20.407318526883735,2024,4,,T1,1
2025-06-11 20:11:55.653000-06:00,19.94753798848297,19.07398911474998,2046,4,,T1,1
2025-06-11 20:12:55.653000-06:00,19.99759095606164,18.248894015341378,2023,3,,T1,1
2025-06-11 20:13:55.653000-06:00,19.98414728443031,17.739929183135704,2037,3,,T1,1
2025-06-11 20:14:55.653000-06:00,19.812823399294537,19.44674226739444,2014,3,,T1,1
2025-06-11 20:15:55.653000-06:00,19.971389615411752,18.159669286027977,2061,2,,T1,1
2025-06-11 20:16:55.653000-06:00,20.0,19.043690005646532,1996,2,,T1,1
2025-06-11 20:17:55.653000-06:00,20.0,19.084733201581027,2034,2,,T1,1
2025-06-11 20:18:55.653000-06:00,20.0,18.029712889767236,2045,2,,T1,1
2025-06-11 20:19:55.653000-06:00,19.80950933042562,16.443964097496703,1991,2,,T1,1
2025-06-11 20:20:55.653000-06:00,19.9985041903296,18.328951392810087,2005,2,,T1,1
2025-06-11 20:21:55.653000-06:00,19.999124117544074,18.3714650385846,2034,2,,T1,1
2025-06-11 20:22:55.653000-06:00,20.0,17.155632411067195,1985,2,,T1,1
2025-06-11 20:23:55.653000-06:00,19.99966425464859,16.633121196436417,1989,2,,T1,1
2025-06-11 20:24:55.653000-06:00,19.821574022261355,16.324902754250576,2006,2,,T1,1
2025-06-11 20:25:55.653000-06:00,20.0,18.449024405546137,1985,2,,T1,1
2025-06-11 20:26:55.653000-06:00,19.99873350754706,17.00945205157162,2031,3,,T1,1
2025-06-11 20:27:55.653000-06:00,19.988025146217524,18.629621133697217,2015,3,,T1,1
2025-06-11 20:28:55.653000-06:00,19.988797269603733,18.659398723257414,2026,3,,T1,1
2025-06-11 20:29:55.653000-06:00,19.771145212534353,20.91390200982592,1957,3,,T1,1
2025-06-11 20:30:55.653000-06:00,19.978441791416518,19.420976064997806,2036,3,,T1,1
2025-06-11 20:31:55.653000-06:00,19.982829818590243,19.680722206537425,2044,3,,T1,1
2025-06-11 20:32:55.653000-06:00,19.982893757240383,19.44513653616915,1988,3,,T1,1
2025-06-11 20:33:55.653000-06:00,19.99426192406021,20.601627689942905,2016,3,,T1,1
2025-06-11 20:34:55.653000-06:00,19.77299804134981,20.866199651797466,1992,3,,T1,1
2025-06-11 20:35:55.653000-06:00,19.985597515300235,26.663034067381894,2131,4,,T1,1
2025-06-11 20:36:55.653000-06:00,19.990887868125114,21.93560892927311,2125,4,,T1,1
2025-06-11 20:37:55.653000-06:00,19.9986874065557,21.234340895882656,2172,4,,T1,1
2025-06-11 20:38:55.653000-06:00,19.99808363800248,20.526354774452606,2175,4,,T1,1
2025-06-11 20:39:55.653000-06:00,19.76197150203851,20.39324926281448,2189,4,,T1,1
2025-06-11 20:40:55.653000-06:00,19.95598023387089,19.413700279189406,2193,4,,T1,1
2025-06-11 20:41:55.653000-06:00,19.995711540622064,18.819318966058088,2205,3,,T1,1
2025-06-11 20:42:55.653000-06:00,19.984163334719486,19.135673897358682,2168,3,,T1,1
2025-06-11 20:43:55.653000-06:00,19.994462610499905,21.085028075788944,2167,3,,T1,1
2025-06-11 20:44:55.653000-06:00,19.759640556287113,21.641329835623313,2170,3,,T1,1
2025-06-11 20:45:55.653000-06:00,19.990511185732547,20.734696342305043,2224,3,,T1,1
2025-06-11 20:46:55.653000-06:00,19.991187450068313,21.944248384465777,2195,3,,T1,1
2025-06-11 20:47:55.653000-06:00,19.98108614935355,22.207075412510196,2244,3,,T1,1
2025-06-11 20:48:55.653000-06:00,19.96346973612477,23.128484377940897,2247,3,,T1,1
2025-06-11 20:49:55.653000-06:00,19.63384587457228,24.395741942571643,2282,4,,T1,1
2025-06-11 20:50:55.653000-06:00,19.685213646429066,26.737561954953257,2363,5,,T1,1
2025-06-11 20:51:55.653000-06:00,19.63268197260997,25.628807484785742,2441,5,,T1,1
2025-06-11 20:52:55.653000-06:00,19.691592579975882,24.032496941464334,2432,5,,T1,1
2025-06-11 20:53:55.653000-06:00,19.89629763875812,24.13136214630781,2446,5,,T1,1
2025-06-11 20:54:55.653000-06:00,19.763827133405282,22.811968409165203,2452,5,,T1,1
2025-06-11 20:55:55.653000-06:00,19.99777710179595,23.67653828659263,2437,5,,T1,1
2025-06-11 20:56:55.653000-06:00,19.943776800211406,24.597896668548834,2467,5,,T1,1
2025-06-11 20:57:55.653000-06:00,19.98995546696604,23.734426955894346,2465,5,,T1,1
2025-06-11 20:58:55.653000-06:00,19.986952447663985,25.158406659765358,2501,5,,T1,1
2025-06-11 20:59:55.653000-06:00,19.73278444059326,25.123193895476504,2433,5,,T1,1
2025-06-11 21:00:55.653000-06:00,19.96830621448949,25.851019535349238,2448,4,,T1,1
2025-06-11 21:01:55.653000-06:00,19.975480225168614,25.894021739130434,2470,5,,T1,1
2025-06-11 21:02:55.653000-06:00,19.83116406458771,25.986361283643884,2467,5,,T1,1
2025-06-11 21:03:55.653000-06:00,19.808468533682632,23.88343946200937,2454,5,,T1,1
2025-06-11 21:04:55.653000-06:00,19.57430841067181,26.537139641759207,2467,5,,T1,1
2025-06-11 21:05:55.653000-06:00,19.856244985013987,21.678973351527702,2462,5,,T1,1
2025-06-11 21:06:55.653000-06:00,19.902372294667455,21.443281808770937,2482,5,,T1,1
2025-06-11 21:07:55.653000-06:00,19.7749453741843,22.95423175857958,2414,5,,T1,1
2025-06-11 21:08:55.653000-06:00,19.61905537813502,24.54562707823577,2462,5,,T1,1
2025-06-11 21:09:55.653000-06:00,19.46914986879788,27.58814542944977,2494,5,,T1,1
2025-06-11 21:10:55.653000-06:00,19.745722628400493,24.417202845463724,2527,5,,T1,1
2025-06-11 21:11:55.653000-06:00,19.692981286559057,28.26054802685238,2515,5,,T1,1
2025-06-11 21:12:55.653000-06:00,19.824808950429105,23.047533233674542,2559,4,,T1,1
2025-06-11 21:13:55.653000-06:00,19.911218459085326,20.914310025723065,2547,4,,T1,1
2025-06-11 21:14:55.653000-06:00,19.674226644999727,21.733011402848366,2529,4,,T1,1
2025-06-11 21:15:55.653000-06:00,19.864530893059236,25.47297979797979,2562,4,,T1,1
2025-06-11 21:16:55.653000-06:00,19.91797129692411,27.439045468579206,2567,4,,T1,1
2025-06-11 21:17:55.653000-06:00,19.947527833213098,19.237677795443812,2517,3,,T1,1
2025-06-11 21:18:55.653000-06:00,19.983301286050413,20.490353849049498,2540,3,,T1,1
2025-06-11 21:19:55.653000-06:00,19.769405475532633,20.693299020773278,2527,3,,T1,1
2025-06-11 21:20:55.653000-06:00,19.99924512815061,19.078088728903943,2559,3,,T1,1
2025-06-11 21:21:55.653000-06:00,19.9570080769232,22.238938688123465,2554,4,,T1,1
2025-06-11 21:22:55.653000-06:00,19.98582734767468,21.81985224920008,2527,4,,T1,1
2025-06-11 21:23:55.653000-06:00,19.99177858371063,18.771368577075105,2537,4,,T1,1
2025-06-11 21:24:55.653000-06:00,19.803172957622813,20.390716560010034,2507,4,,T1,1
2025-06-11 21:25:55.653000-06:00,19.98899673103325,20.14611095426313,2519,4,,T1,1
2025-06-11 21:26:55.653000-06:00,19.988897686142753,20.03643774703557,2550,4,,T1,1
2025-06-11 21:27:55.653000-06:00,19.99780802236327,19.995718050065875,2522,4,,T1,1
2025-06-11 21:28:55.653000-06:00,19.994627294150824,18.508710944852247,2513,4,,T1,1
2025-06-11 21:29:55.653000-06:00,19.77518905180815,18.289141806261373,2515,4,,T1,1
2025-06-11 21:30:55.653000-06:00,19.995855480663348,19.30794356609574,2520,4,,T1,1
2025-06-11 21:31:55.653000-06:00,19.99441484134268,18.55553006775833,2546,4,,T1,1
2025-06-11 21:32:55.653000-06:00,19.99659222364394,18.617026240667542,2525,4,,T1,1
2025-06-11 21:33:55.653000-06:00,19.992476355685355,18.611264037894475,2578,4,,T1,1
2025-06-11 21:34:55.653000-06:00,19.804300838180364,19.355021488173666,2518,4,,T1,1
2025-06-11 21:35:55.653000-06:00,19.997832926188327,19.04544866365518,2514,4,,T1,1
2025-06-11 21:36:55.653000-06:00,19.999191542117707,19.613950059602228,2493,4,,T1,1
2025-06-11 21:37:55.653000-06:00,19.997477636412828,18.41610985632724,2554,4,,T1,1
2025-06-11 21:38:55.653000-06:00,20.0,20.44239695913037,2473,4,,T1,1
2025-06-11 21:39:55.653000-06:00,19.797241991580528,19.42771856766422,2556,4,,T1,1
2025-06-11 21:40:55.653000-06:00,19.997339744293857,20.163310511951813,2485,4,,T1,1
2025-06-11 21:41:55.653000-06:00,19.997885626331417,20.726402220967444,2530,4,,T1,1
2025-06-11 21:42:55.653000-06:00,19.98673647899825,19.76025197628459,2499,4,,T1,1
2025-06-11 21:43:55.653000-06:00,19.971213700634426,18.76572597088901,2531,4,,T1,1
2025-06-11 21:44:55.653000-06:00,19.755848781855374,20.591018884497142,2515,4,,T1,1
2025-06-11 21:45:55.653000-06:00,19.981442013563008,19.501450843842147,2523,4,,T1,1
2025-06-11 21:46:55.653000-06:00,19.98698786485363,22.990342085450784,2505,4,,T1,1
2025-06-11 21:47:55.653000-06:00,19.990912690024395,17.501554755630842,2501,4,,T1,1
2025-06-11 21:48:55.653000-06:00,20.0,19.43942138779096,2508,4,,T1,1
2025-06-11 21:49:55.653000-06:00,19.776354551625605,24.359391665098187,2517,4,,T1,1
2025-06-11 21:50:55.653000-06:00,19.969225147879058,24.100164545916837,2518,4,,T1,1
2025-06-11 21:51:55.653000-06:00,19.955930527860406,28.669587692056222,2570,4,,T1,1
2025-06-11 21:52:55.653000-06:00,19.94065151255374,31.21512608926796,2571,4,,T1,1
2025-06-11 21:53:55.653000-06:00,19.882426581773906,28.68427677395068,2629,4,,T1,1
2025-06-11 21:54:55.653000-06:00,19.655746913818504,26.226974192396582,2640,4,,T1,1
2025-06-11 21:55:55.653000-06:00,19.951872536602462,25.670925366193902,2563,3,,T1,1
2025-06-11 21:56:55.653000-06:00,19.98362461613273,20.661376968442184,2572,3,,T1,1
2025-06-11 21:57:55.653000-06:00,19.965153503389963,22.677665487004727,2589,3,,T1,1
2025-06-11 21:58:55.653000-06:00,19.984518567774995,24.381256654926563,2574,3,,T1,1
2025-06-11 21:59:55.653000-06:00,19.721003742724,23.010744086831043,2606,3,,T1,1
2025-06-11 22:00:55.653000-06:00,19.991369040211694,20.209486920084746,2553,3,,T1,1
2025-06-11 22:01:55.653000-06:00,19.986706755990493,20.559600788862795,2545,3,,T1,1
2025-06-11 22:02:55.653000-06:00,19.99412592320882,17.928162182198307,2543,3,,T1,1
2025-06-11 22:03:55.653000-06:00,19.996841501034403,18.36115424430642,2493,3,,T1,1
2025-06-11 22:04:55.653000-06:00,19.803598359354975,19.855064621368975,2528,3,,T1,1
2025-06-11 22:05:55.653000-06:00,19.992054409757696,20.16176302227026,2550,3,,T1,1
2025-06-11 22:06:55.653000-06:00,19.994840135132684,18.613536373047232,2532,3,,T1,1
2025-06-11 22:07:55.653000-06:00,19.994354553775064,20.08427834243052,2557,3,,T1,1
2025-06-11 22:08:55.653000-06:00,19.977319163040868,20.274111188060456,2556,3,,T1,1
2025-06-11 22:09:55.653000-06:00,19.760383882027575,19.629981884057973,2551,3,,T1,1
2025-06-11 22:10:55.653000-06:00,19.97155014602491,17.880030899052638,2482,3,,T1,1
2025-06-11 22:11:55.653000-06:00,19.96601058184815,19.130007371855196,2514,4,,T1,1
2025-06-11 22:12:55.653000-06:00,19.88731711873265,22.198182131877775,2462,4,,T1,1
2025-06-11 22:13:55.653000-06:00,19.967500100185852,21.66323051948052,2569,3,,T1,1
2025-06-11 22:14:55.653000-06:00,19.787991543394455,18.327998541313757,2476,3,,T1,1
2025-06-11 22:15:55.653000-06:00,19.9832041859142,17.936111895351022,2569,3,,T1,1
2025-06-11 22:16:55.653000-06:00,19.98789126081003,17.83376466528641,2494,3,,T1,1
2025-06-11 22:17:55.653000-06:00,19.982803840482042,18.773280161867113,2541,3,,T1,1
2025-06-11 22:18:55.653000-06:00,19.999345756255106,18.537770954890522,2514,3,,T1,1
2025-06-11 22:19:55.653000-06:00,19.802740781642566,18.88812268649225,2520,3,,T1,1
2025-06-11 22:20:55.653000-06:00,19.999870071129696,17.870311552376773,2467,3,,T1,1
2025-06-11 22:21:55.653000-06:00,20.0,17.21969045447306,2517,3,,T1,1
2025-06-11 22:22:55.653000-06:00,19.99940579452817,18.19697361816927,2491,3,,T1,1
2025-06-11 22:23:55.653000-06:00,19.999851448632043,17.833470575318408,2473,3,,T1,1
2025-06-11 22:24:55.653000-06:00,19.783250830131927,17.19048795407491,2467,3,,T1,1
2025-06-11 22:25:55.653000-06:00,20.0,18.71636787125917,2486,3,,T1,1
2025-06-11 22:26:55.653000-06:00,19.999707821230043,17.07387147876278,2472,3,,T1,1
2025-06-11 22:27:55.653000-06:00,20.0,17.18380096733929,2410,3,,T1,1
2025-06-11 22:28:55.653000-06:00,19.994397496679507,17.535134732417337,2539,3,,T1,1
2025-06-11 22:29:55.653000-06:00,19.82723382890224,19.005010900934806,2408,3,,T1,1
2025-06-11 22:30:55.653000-06:00,20.0,16.521374458874455,2512,3,,T1,1
2025-06-11 22:31:55.653000-06:00,20.0,16.90167984189723,2449,3,,T1,1
2025-06-11 22:32:55.653000-06:00,19.998163301961583,19.580680641821946,2508,3,,T1,1
2025-06-11 22:33:55.653000-06:00,20.0,17.448896966560014,2482,3,,T1,1
2025-06-11 22:34:55.653000-06:00,19.799535042122468,20.06675842273668,2557,3,,T1,1
2025-06-11 22:35:55.653000-06:00,19.954543920420367,16.97320840391492,2468,3,,T1,1
2025-06-11 22:36:55.653000-06:00,19.991370401208535,18.23353292239161,2486,2,,T1,1
2025-06-11 22:37:55.653000-06:00,19.99300499355367,16.64687337286974,2443,2,,T1,1
2025-06-11 22:38:55.653000-06:00,19.988084817341463,15.679749749043228,2355,2,,T1,1
2025-06-11 22:39:55.653000-06:00,19.82553260385305,15.79144002133132,2499,2,,T1,1
2025-06-11 22:40:55.653000-06:00,19.995471088830737,15.941940758516841,2357,2,,T1,1
2025-06-11 22:41:55.653000-06:00,19.97085243340027,18.51679057657318,2449,2,,T1,1
2025-06-11 22:42:55.653000-06:00,19.993834105968805,17.304681128050692,2401,2,,T1,1
2025-06-11 22:43:55.653000-06:00,19.994258516584917,18.723622482589867,2372,2,,T1,1
2025-06-11 22:44:55.653000-06:00,19.828270145891345,17.615869486793404,2418,2,,T1,1
2025-06-11 22:45:55.653000-06:00,19.99616162898991,19.27926783361566,2318,2,,T1,1
2025-06-11 22:46:55.653000-06:00,19.996220562922314,19.177698961666355,2346,2,,T1,1
2025-06-11 22:47:55.653000-06:00,19.99325767762705,17.240432273040962,2316,2,,T1,1
2025-06-11 22:48:55.653000-06:00,19.99861789722866,16.388461478135387,2399,2,,T1,1
2025-06-11 22:49:55.653000-06:00,19.825319473609195,16.501799830604174,2330,2,,T1,1
2025-06-11 22:50:55.653000-06:00,19.996229902664755,16.10618020264759,2356,2,,T1,1
2025-06-11 22:51:55.653000-06:00,19.997541902840144,15.36163655185394,2448,2,,T1,1
2025-06-11 22:52:55.653000-06:00,19.99896774872184,16.39296105464584,2351,2,,T1,1
2025-06-11 22:53:55.653000-06:00,20.0,15.839424916870573,2373,2,,T1,1
2025-06-11 22:54:55.653000-06:00,19.832954800990397,16.24581804065499,2386,2,,T1,1
2025-06-11 22:55:55.653000-06:00,19.995091096444533,16.446540325616407,2429,2,,T1,1
2025-06-11 22:56:55.653000-06:00,19.99724596066693,18.981758579584668,2386,2,,T1,1
2025-06-11 22:57:55.653000-06:00,20.0,21.75722637869377,2390,2,,T1,1
2025-06-11 22:58:55.653000-06:00,19.98093669552234,20.932400479954822,2424,2,,T1,1
2025-06-11 22:59:55.653000-06:00,19.817267673610782,18.27171756383712,2443,2,,T1,1
2025-06-11 23:00:55.653000-06:00,19.985160178655104,18.518417874396132,2427,2,,T1,1
2025-06-11 23:01:55.653000-06:00,19.996029240041146,19.8581662902315,2493,2,,T1,1
2025-06-11 23:02:55.653000-06:00,19.990042236809327,18.45888426187339,2508,2,,T1,1
2025-06-11 23:03:55.653000-06:00,19.944702059392974,20.06418415521676,2376,2,,T1,1
2025-06-11 23:04:55.653000-06:00,19.816324778533787,19.720531916913487,2445,2,,T1,1
2025-06-11 23:05:55.653000-06:00,19.999585859599613,19.088777918940956,2452,2,,T1,1
2025-06-11 23:06:55.653000-06:00,19.995373063219144,17.973742203004214,2506,2,,T1,1
2025-06-11 23:07:55.653000-06:00,20.0,17.538417952820126,2328,2,,T1,1
2025-06-11 23:08:55.653000-06:00,19.993509298681673,18.123905985319027,2477,2,,T1,1
2025-06-11 23:09:55.653000-06:00,19.832779368579008,16.042774405546147,2386,2,,T1,1
2025-06-11 23:10:55.653000-06:00,20.0,15.06115966025386,2465,2,,T1,1
2025-06-11 23:11:55.653000-06:00,20.0,16.834435582533402,2413,2,,T1,1
2025-06-11 23:12:55.653000-06:00,19.9982006490312,14.98853049124788,2381,2,,T1,1
2025-06-11 23:13:55.653000-06:00,19.991143885210743,18.495385140222098,2395,2,,T1,1
2025-06-11 23:14:55.653000-06:00,19.831272522669128,18.529560143962318,2465,2,,T1,1
2025-06-11 23:15:55.653000-06:00,19.9888556173124,17.54182155404981,2427,2,,T1,1
2025-06-11 23:16:55.653000-06:00,19.940005484190245,24.22795305539871,2470,2,,T1,1
2025-06-11 23:17:55.653000-06:00,19.98618795441546,23.26695056151578,2438,2,,T1,1
2025-06-11 23:18:55.653000-06:00,19.97690764173365,17.61590742523714,2414,2,,T1,1
2025-06-11 23:19:55.653000-06:00,19.84904372827816,17.136155812786246,2463,2,,T1,1
2025-06-11 23:20:55.653000-06:00,19.96517012512743,36.26224590626766,2424,2,,T1,1
2025-06-11 23:21:55.653000-06:00,19.98656435532347,26.46019177555218,2460,3,,T1,1
2025-06-11 23:22:55.653000-06:00,19.988194909762512,21.470812550975598,2451,3,,T1,1
2025-06-11 23:23:55.653000-06:00,19.976321059997225,19.050195275738755,2499,3,,T1,1
2025-06-11 23:24:55.653000-06:00,19.828775220403152,20.421292113683418,2403,3,,T1,1
2025-06-11 23:25:55.653000-06:00,19.98827979809424,18.371312111801238,2434,3,,T1,1
2025-06-11 23:26:55.653000-06:00,19.98386773317218,17.82592422673944,2446,3,,T1,1
2025-06-11 23:27:55.653000-06:00,19.99162802552665,17.656549971767358,2547,3,,T1,1
2025-06-11 23:28:55.653000-06:00,19.996514808921475,17.962203557312254,2446,3,,T1,1
2025-06-11 23:29:55.653000-06:00,19.7980801036291,17.37549407114625,2378,3,,T1,1
2025-06-11 23:30:55.653000-06:00,19.986584513296673,17.03909749670619,2423,3,,T1,1
2025-06-11 23:31:55.653000-06:00,19.99955626883654,17.318334744965178,2424,3,,T1,1
2025-06-11 23:32:55.653000-06:00,19.996878667380784,18.828784741828223,2443,3,,T1,1
2025-06-11 23:33:55.653000-06:00,19.982656553479387,18.946793242988896,2455,3,,T1,1
2025-06-11 23:34:55.653000-06:00,19.805267779297253,19.707131485664092,2489,3,,T1,1
2025-06-11 23:35:55.653000-06:00,19.9763406334471,20.976064997804126,2430,3,,T1,1
2025-06-11 23:36:55.653000-06:00,19.98988106615905,19.43365722441809,2467,3,,T1,1
2025-06-11 23:37:55.653000-06:00,19.9991514605649,19.030883367839895,2463,3,,T1,1
2025-06-11 23:38:55.653000-06:00,19.999283967671964,18.007556151577887,2536,3,,T1,1
2025-06-11 23:39:55.653000-06:00,19.78162151716328,23.66642171552069,2413,3,,T1,1
2025-06-11 23:40:55.653000-06:00,19.95595586064943,22.404908949745902,2473,3,,T1,1
2025-06-11 23:41:55.653000-06:00,19.974760823052367,22.819784308552418,2414,3,,T1,1
2025-06-11 23:42:55.653000-06:00,19.997721483566586,17.94532671434845,2488,3,,T1,1
2025-06-11 23:43:55.653000-06:00,19.996468845980395,17.91208929958929,2444,3,,T1,1
2025-06-11 23:44:55.653000-06:00,19.790910521495526,17.33954668043627,2400,3,,T1,1
2025-06-11 23:45:55.653000-06:00,19.988140557299594,17.482634967689318,2426,3,,T1,1
2025-06-11 23:46:55.653000-06:00,19.97647575526814,18.851817868122215,2411,3,,T1,1
2025-06-11 23:47:55.653000-06:00,19.996131197973817,17.369169176234386,2433,3,,T1,1
2025-06-11 23:48:55.653000-06:00,19.99644123753786,17.16813515590689,2453,3,,T1,1
2025-06-11 23:49:55.653000-06:00,19.82822634375506,18.321230550850114,2453,3,,T1,1
2025-06-11 23:50:55.653000-06:00,19.999191079801783,20.02065687935253,2395,3,,T1,1
2025-06-11 23:51:55.653000-06:00,20.0,18.91839591567852,2378,3,,T1,1
2025-06-11 23:52:55.653000-06:00,19.999285710329072,18.155830431645647,2391,3,,T1,1
2025-06-11 23:53:55.653000-06:00,19.99982142758227,17.632732605558694,2340,3,,T1,1
2025-06-11 23:54:55.653000-06:00,19.824900663330013,18.42497764916243,2376,3,,T1,1
2025-06-11 23:55:55.653000-06:00,19.994416592394593,17.695089481774257,2479,3,,T1,1
2025-06-11 23:56:55.653000-06:00,19.99283208243558,17.932518900181943,2318,3,,T1,1
2025-06-11 23:57:55.653000-06:00,19.99008435255288,17.992106625258792,2398,3,,T1,1
2025-06-11 23:58:55.653000-06:00,19.990369447270677,17.232209517535605,2447,3,,T1,1
2025-06-12 00:03:35.098000-06:00,20.0,1.2400418343041293,711,0,,T1,1
2025-06-12 00:04:36.097000-06:00,19.788463721767197,10.444085817036639,739,1,,T1,1
2025-06-12 00:05:36.098000-06:00,19.99937640810949,22.427165581332254,1230,1,,T1,1
2025-06-12 00:06:37.097000-06:00,20.0,14.04783914188945,1316,1,,T1,1
2025-06-12 00:07:37.097000-06:00,19.998682042032726,13.253476922080921,1236,1,,T1,1
2025-06-12 00:08:37.097000-06:00,20.0,11.656037172703838,1302,1,,T1,1
2025-06-12 00:09:37.098000-06:00,19.853946650451203,11.088823570001729,1292,1,,T1,1
2025-06-12 00:10:38.097000-06:00,19.993410981194433,10.992861905383103,1345,1,,T1,1
2025-06-12 00:11:38.097000-06:00,19.98937917175881,12.410741419074748,1154,1,,T1,1
2025-06-12 00:12:38.098000-06:00,20.0,14.775992911409576,1377,2,,T1,1
2025-06-12 00:13:39.097000-06:00,19.997399914030336,37.40692032008977,1269,2,,T1,1
2025-06-12 00:14:39.097000-06:00,19.807491643289282,13.55384021842355,1258,2,,T1,1
2025-06-12 00:15:39.097000-06:00,20.0,15.074347951431285,1298,2,,T1,1
2025-06-12 00:16:39.097000-06:00,20.0,13.591397438236521,1281,2,,T1,1
2025-06-12 00:17:39.097000-06:00,20.0,16.387937233052174,1245,2,,T1,1
2025-06-12 00:18:39.097000-06:00,20.0,14.510355879752435,1370,2,,T1,1
2025-06-12 00:19:39.097000-06:00,19.849502427971537,12.342189393195143,1200,2,,T1,1
2025-06-12 00:20:39.097000-06:00,20.0,13.418676435845972,1318,2,,T1,1
2025-06-12 00:21:39.097000-06:00,20.0,12.252770146520145,1346,2,,T1,1
2025-06-12 00:22:39.097000-06:00,19.921174005642964,22.77569779855511,1356,2,,T1,1
2025-06-12 00:23:39.097000-06:00,19.99586201963322,21.342333977750645,1364,2,,T1,1
2025-06-12 00:24:39.097000-06:00,19.782808889750093,23.302547787461567,1428,2,,T1,1
2025-06-12 00:25:39.097000-06:00,19.99791056140688,18.635564730607832,1405,2,,T1,1
2025-06-12 00:26:39.097000-06:00,20.0,18.033987122230496,1422,2,,T1,1
2025-06-12 00:27:39.097000-06:00,19.923152361786652,20.848125342090857,1429,2,,T1,1
2025-06-12 00:28:39.097000-06:00,19.999811587668354,19.059560182261333,1468,2,,T1,1
2025-06-12 00:29:39.097000-06:00,19.755107152309105,17.83582440439324,1457,2,,T1,1
2025-06-12 00:30:39.097000-06:00,19.99299457291027,16.45233288422944,1432,2,,T1,1
2025-06-12 00:31:39.097000-06:00,19.992340600360777,14.919967318436829,1443,2,,T1,1
2025-06-12 00:32:39.097000-06:00,19.983695112772587,23.204654219237554,1489,3,,T1,1
2025-06-12 00:33:39.097000-06:00,19.98990784501204,20.01145209090612,1442,3,,T1,1
2025-06-12 00:34:39.097000-06:00,19.805423439405793,22.664883028316936,1515,3,,T1,1
2025-06-12 00:35:39.097000-06:00,19.910502935325816,15.208679371394888,1469,3,,T1,1
2025-06-12 00:36:39.097000-06:00,20.0,12.847316341066342,1481,1,,T1,1
2025-06-12 00:37:39.097000-06:00,19.999463105898077,13.178108699516747,1449,1,,T1,1
2025-06-12 00:38:39.097000-06:00,20.0,13.53828941120608,1441,1,,T1,1
2025-06-12 00:39:39.097000-06:00,19.860465592654812,13.026393325518763,1454,1,,T1,1
2025-06-12 00:40:39.097000-06:00,20.0,13.761664070284754,1466,1,,T1,1
2025-06-12 00:41:39.097000-06:00,20.0,13.124375172507353,1453,1,,T1,1
2025-06-12 00:42:39.097000-06:00,20.0,13.663091115461805,1442,1,,T1,1
2025-06-12 00:43:39.097000-06:00,20.0,13.601329710094076,1448,1,,T1,1
2025-06-12 00:44:39.097000-06:00,19.869316092567395,16.170763804097138,1480,1,,T1,1
2025-06-12 00:45:39.097000-06:00,19.9995147714423,16.46720170261837,1458,1,,T1,1
2025-06-12 00:46:39.097000-06:00,19.99700551053091,19.105199927254525,1467,1,,T1,1
2025-06-12 00:47:39.097000-06:00,20.0,15.272620743454082,1419,1,,T1,1
2025-06-12 00:48:39.097000-06:00,19.995713484956436,18.238314242118587,1390,1,,T1,1
2025-06-12 00:49:39.097000-06:00,19.86952473359744,17.29578003148406,1459,1,,T1,1
2025-06-12 00:50:39.097000-06:00,19.996258134230864,16.698621783176375,1472,1,,T1,1
2025-06-12 00:51:39.097000-06:00,20.0,14.505547485719898,1437,1,,T1,1
2025-06-12 00:52:39.097000-06:00,19.996574213354346,18.253993307116748,1465,1,,T1,1
2025-06-12 00:53:39.097000-06:00,20.0,14.240967397863947,1474,1,,T1,1
2025-06-12 00:54:39.097000-06:00,19.886060107589415,13.277091373930455,1483,1,,T1,1
2025-06-12 00:55:39.097000-06:00,20.0,13.543281335522714,1468,1,,T1,1
2025-06-12 00:56:39.097000-06:00,20.0,14.23865486365486,1461,1,,T1,1
2025-06-12 00:57:39.097000-06:00,19.998937462490368,13.841857009529425,1412,1,,T1,1
2025-06-12 00:58:39.097000-06:00,20.0,12.69565224256004,1449,1,,T1,1
2025-06-12 00:59:39.097000-06:00,19.867898685204757,13.288995726495726,1518,1,,T1,1
2025-06-12 01:00:39.097000-06:00,19.998586286502864,14.859162304277246,1430,1,,T1,1
2025-06-12 01:01:39.097000-06:00,20.0,12.45,1473,1,,T1,1
2025-06-12 01:02:39.097000-06:00,19.996984624382176,12.903873813500253,1475,1,,T1,1
2025-06-12 01:03:39.097000-06:00,20.0,11.130241533689807,1476,1,,T1,1
2025-06-12 01:04:39.097000-06:00,19.87486071958591,9.308000949667615,1456,1,,T1,1
2025-06-12 01:05:39.097000-06:00,20.0,8.674182107340524,1511,1,,T1,1
2025-06-12 01:06:39.097000-06:00,20.0,9.308922197427943,1407,1,,T1,1
2025-06-12 01:07:39.097000-06:00,20.0,8.390987484737481,1508,1,,T1,1
2025-06-12 01:08:39.097000-06:00,20.0,12.426450348289423,1451,1,,T1,1
2025-06-12 01:09:39.097000-06:00,19.871544073448508,12.775388346221686,1460,1,,T1,1
2025-06-12 01:10:39.097000-06:00,19.985805082836233,18.72308861849092,1473,2,,T1,1
2025-06-12 01:11:39.097000-06:00,20.0,17.749165064394944,1513,2,,T1,1
2025-06-12 01:12:39.097000-06:00,20.0,15.672407068240396,1494,2,,T1,1
2025-06-12 01:13:39.097000-06:00,19.974752130012515,15.158583849101085,1472,2,,T1,1
2025-06-12 01:14:39.097000-06:00,19.84778269715065,14.518396086602605,1502,2,,T1,1
2025-06-12 01:15:39.097000-06:00,20.0,14.856875763125764,1508,2,,T1,1
2025-06-12 01:16:39.097000-06:00,20.0,15.255107094905943,1498,2,,T1,1
2025-06-12 01:17:39.097000-06:00,19.999534949972155,16.15965748810577,1514,2,,T1,1
2025-06-12 01:18:39.097000-06:00,19.999689966648102,14.007073327906662,1503,2,,T1,1
2025-06-12 01:19:39.097000-06:00,19.827523373962112,15.199802844558594,1536,2,,T1,1
2025-06-12 01:20:39.097000-06:00,20.0,14.744136211808621,1522,2,,T1,1
2025-06-12 01:21:39.097000-06:00,20.0,14.485001567185472,1492,2,,T1,1
2025-06-12 01:22:39.097000-06:00,20.0,14.32726534321362,1520,2,,T1,1
2025-06-12 01:23:39.097000-06:00,20.0,15.706942748609412,1534,2,,T1,1
2025-06-12 01:24:39.097000-06:00,19.841824868499756,16.055664936914937,1523,2,,T1,1
2025-06-12 01:25:39.097000-06:00,19.999772444073262,16.091357176773844,1503,2,,T1,1
2025-06-12 01:26:39.097000-06:00,19.99326314118491,15.663597205263871,1521,2,,T1,1
2025-06-12 01:27:39.097000-06:00,19.984916914102406,14.808379968796636,1529,2,,T1,1
2025-06-12 01:28:39.097000-06:00,19.97826842092458,15.42369631220206,1511,2,,T1,1
2025-06-12 01:29:39.097000-06:00,19.842489597920917,16.35404152573693,1519,2,,T1,1
2025-06-12 01:30:39.100000-06:00,19.999882754915088,14.34489214489214,1542,2,,T1,1
2025-06-12 01:31:40.097000-06:00,19.999434146530973,14.64838707970421,1497,2,,T1,1
2025-06-12 01:32:40.097000-06:00,19.99929580396675,14.51247456247456,1518,2,,T1,1
2025-06-12 01:33:40.097000-06:00,19.999896262457288,13.946922059422054,1551,2,,T1,1
2025-06-12 01:34:40.097000-06:00,19.807036700541385,14.1683082349749,1504,2,,T1,1
2025-06-12 01:35:40.097000-06:00,20.0,11.507493544131473,1509,1,,T1,1
2025-06-12 01:36:40.098000-06:00,20.0,10.521852530185862,1514,1,,T1,1
2025-06-12 01:37:41.097000-06:00,20.0,11.498879080846292,1482,1,,T1,1
2025-06-12 01:38:41.097000-06:00,20.0,11.657428605345272,1488,1,,T1,1
2025-06-12 01:39:41.097000-06:00,19.891993269930882,11.542808372980781,1499,1,,T1,1
2025-06-12 01:40:41.097000-06:00,20.0,13.08951938865732,1505,1,,T1,1
2025-06-12 01:41:41.097000-06:00,20.0,11.863419142585807,1487,1,,T1,1
2025-06-12 01:42:41.097000-06:00,20.0,13.441688712522048,1426,1,,T1,1
2025-06-12 01:43:41.097000-06:00,20.0,13.537171241912622,1489,1,,T1,1
2025-06-12 01:44:41.097000-06:00,19.8513127296768,15.300249480977865,1458,1,,T1,1
2025-06-12 01:45:41.097000-06:00,20.0,12.501772995522996,1450,1,,T1,1
2025-06-12 01:46:41.097000-06:00,20.0,12.286170465337133,1480,1,,T1,1
2025-06-12 01:47:41.097000-06:00,20.0,11.722220673851105,1466,1,,T1,1
2025-06-12 01:48:41.097000-06:00,19.99764906781349,11.713242775742772,1460,1,,T1,1
2025-06-12 01:49:41.097000-06:00,19.863214192063015,10.695450630148905,1477,1,,T1,1
2025-06-12 01:50:41.097000-06:00,20.0,12.307094525844532,1483,1,,T1,1
2025-06-12 01:51:41.097000-06:00,20.0,13.65867738317451,1464,1,,T1,1
2025-06-12 01:52:41.097000-06:00,20.0,14.24102944203519,1504,1,,T1,1
2025-06-12 01:53:41.097000-06:00,20.0,14.876689110166124,1441,1,,T1,1
2025-06-12 01:54:41.097000-06:00,19.866405698568634,15.462604673955248,1476,1,,T1,1
2025-06-12 01:55:41.097000-06:00,20.0,14.369960446109872,1447,1,,T1,1
2025-06-12 01:56:41.097000-06:00,20.0,12.514326735950299,1433,1,,T1,1
2025-06-12 01:57:41.097000-06:00,20.0,13.703902116402121,1468,1,,T1,1
2025-06-12 01:58:41.097000-06:00,20.0,13.838915145093305,1501,1,,T1,1
2025-06-12 01:59:41.097000-06:00,19.879070004824236,12.030863221218045,1459,1,,T1,1
2025-06-12 02:00:41.097000-06:00,20.0,11.732454539925802,1473,1,,T1,1
2025-06-12 02:01:41.097000-06:00,20.0,12.012942612942608,1457,1,,T1,1
2025-06-12 02:02:41.097000-06:00,20.0,12.699740537240539,1459,1,,T1,1
2025-06-12 02:03:41.097000-06:00,20.0,12.610148286154034,1464,1,,T1,1
2025-06-12 02:04:41.097000-06:00,19.85961000733759,13.741459336215083,1513,1,,T1,1
2025-06-12 02:05:41.097000-06:00,20.0,14.268273470356798,1428,1,,T1,1
2025-06-12 02:06:41.097000-06:00,20.0,13.63924501424501,1479,1,,T1,1
2025-06-12 02:07:41.097000-06:00,20.0,13.6665055623389,1517,1,,T1,1
2025-06-12 02:08:41.097000-06:00,20.0,13.787835775335777,1415,1,,T1,1
2025-06-12 02:09:41.097000-06:00,19.87121950728102,13.037042124542126,1468,1,,T1,1
2025-06-12 02:10:41.097000-06:00,20.0,12.941203703703705,1511,1,,T1,1
2025-06-12 02:11:41.097000-06:00,20.0,13.164252645502648,1400,1,,T1,1
2025-06-12 02:12:41.097000-06:00,19.962624969758462,10.50419730865133,1583,1,,T1,1
2025-06-12 02:13:41.097000-06:00,20.0,3.6163050444659635,1220,0,,T1,1
2025-06-12 02:14:41.097000-06:00,20.0,1.8846662596662598,1332,0,,T1,1
2025-06-12 02:15:41.097000-06:00,20.0,1.1277828652828652,1367,0,,T1,1
2025-06-12 02:16:41.097000-06:00,20.0,1.258097612264279,1402,0,,T1,1
2025-06-12 02:17:41.097000-06:00,20.0,0.7713081671415005,1437,0,,T1,1
2025-06-12 02:18:41.097000-06:00,20.0,0.8629680504680504,1473,0,,T1,1
2025-06-12 02:19:41.097000-06:00,20.0,1.7447087023236445,1511,0,,T1,1
2025-06-12 02:20:41.097000-06:00,20.0,1.2141805725139052,1545,0,,T1,1
2025-06-12 02:21:41.097000-06:00,20.0,0.926943426943427,1580,0,,T1,1
2025-06-12 02:22:41.097000-06:00,20.0,1.2958723375390042,1618,0,,T1,1
2025-06-12 02:23:41.097000-06:00,20.0,0.8996317114133207,1653,0,,T1,1
2025-06-12 02:24:41.097000-06:00,20.0,1.0391192300675056,1688,0,,T1,1
2025-06-12 02:25:41.097000-06:00,20.0,1.74637091303758,1723,0,,T1,1
2025-06-12 02:26:41.097000-06:00,20.0,0.7429453262786594,1758,0,,T1,1
2025-06-12 02:27:41.097000-06:00,20.0,0.8204924704924704,1792,0,,T1,1
2025-06-12 02:28:41.097000-06:00,20.0,1.0825362908696243,1827,0,,T1,1
2025-06-12 02:29:41.097000-06:00,20.0,1.8751730921271152,1862,0,,T1,1
2025-06-12 02:30:41.097000-06:00,20.0,2.067109279609279,1777,0,,T1,1
2025-06-12 02:31:41.097000-06:00,20.0,0.8497741615557707,1033,0,,T1,1
2025-06-12 02:32:41.097000-06:00,20.0,0.9101034927184352,1070,0,,T1,1
2025-06-12 02:33:41.097000-06:00,20.0,1.362306674806675,1105,0,,T1,1
2025-06-12 02:34:41.097000-06:00,20.0,0.845204178537512,1139,0,,T1,1
2025-06-12 02:35:41.097000-06:00,20.0,1.1477513227513223,1175,0,,T1,1
2025-06-12 02:36:41.097000-06:00,20.0,1.3723544973544972,1209,0,,T1,1
2025-06-12 02:37:41.097000-06:00,20.0,1.5986505246562712,1242,0,,T1,1
2025-06-12 02:38:41.097000-06:00,20.0,0.8034442409442409,1276,0,,T1,1
2025-06-12 02:39:41.097000-06:00,20.0,0.8549552299552299,1311,0,,T1,1
2025-06-12 02:40:41.097000-06:00,20.0,1.065030185863519,1345,0,,T1,1
2025-06-12 02:41:41.097000-06:00,20.0,1.1825481617148281,1383,0,,T1,1
2025-06-12 02:42:41.097000-06:00,20.0,1.0973748473748477,1421,0,,T1,1
2025-06-12 02:43:41.097000-06:00,20.0,0.5402082485415819,1456,0,,T1,1
2025-06-12 02:44:41.097000-06:00,20.0,1.0070716320716322,1491,0,,T1,1
2025-06-12 02:45:41.097000-06:00,20.0,1.1752984669651336,1525,0,,T1,1
2025-06-12 02:46:41.097000-06:00,20.0,0.8586640211640213,1559,0,,T1,1
2025-06-12 02:47:41.097000-06:00,20.0,0.8876577126577122,1593,0,,T1,1
2025-06-12 02:48:41.097000-06:00,20.0,0.8034442409442407,1628,0,,T1,1
2025-06-12 02:49:41.097000-06:00,20.0,0.7444291819291818,1662,0,,T1,1
2025-06-12 02:50:41.097000-06:00,20.0,1.3725919142585807,1696,0,,T1,1
2025-06-12 02:51:41.097000-06:00,20.0,1.1977089268755938,1731,0,,T1,1
2025-06-12 02:52:41.097000-06:00,20.0,1.1734805318138652,1768,0,,T1,1
2025-06-12 02:53:41.097000-06:00,20.0,1.1414694819867237,1802,0,,T1,1
2025-06-12 02:54:41.097000-06:00,20.0,2.9366357089058224,1837,0,,T1,1
2025-06-12 02:55:41.097000-06:00,20.0,1.0777370777370776,1872,0,,T1,1
2025-06-12 02:56:41.097000-06:00,20.0,0.7382393840727175,1713,0,,T1,1
2025-06-12 02:57:41.097000-06:00,20.0,0.9794719169719169,1045,0,,T1,1
2025-06-12 02:58:41.097000-06:00,20.0,1.0218253968253967,1078,0,,T1,1
2025-06-12 02:59:41.097000-06:00,20.0,0.7564696106362773,1114,0,,T1,1
2025-06-12 03:00:41.097000-06:00,20.0,1.0504345431069568,1146,0,,T1,1
2025-06-12 03:01:41.097000-06:00,20.0,2.8848758999621067,1184,0,,T1,1
2025-06-12 03:02:41.097000-06:00,20.0,1.3626458418125087,1221,0,,T1,1
2025-06-12 03:03:41.097000-06:00,20.0,1.449642178808845,1254,0,,T1,1
2025-06-12 03:04:41.097000-06:00,20.0,1.2220187220187217,1290,0,,T1,1
2025-06-12 03:05:41.097000-06:00,20.0,0.9534408492741822,1322,0,,T1,1
2025-06-12 03:06:41.097000-06:00,20.0,0.7457485415818752,1357,0,,T1,1
2025-06-12 03:07:41.097000-06:00,20.0,0.9773521231854566,1390,0,,T1,1
2025-06-12 03:08:41.097000-06:00,20.0,1.0224664224664226,1424,0,,T1,1
2025-06-12 03:09:41.097000-06:00,20.0,1.0489499857315947,1461,0,,T1,1
2025-06-12 03:10:41.097000-06:00,20.0,1.1461826753493418,1494,0,,T1,1
2025-06-12 03:11:41.097000-06:00,20.0,1.0331874915208248,1528,0,,T1,1
2025-06-12 03:12:41.097000-06:00,20.0,1.5012057387057385,1566,0,,T1,1
2025-06-12 03:13:41.097000-06:00,20.0,1.0548517840184506,1599,0,,T1,1
2025-06-12 03:14:41.097000-06:00,20.0,1.1368242097408763,1632,0,,T1,1
2025-06-12 03:15:41.097000-06:00,20.0,0.9619251119251119,1666,0,,T1,1
2025-06-12 03:16:41.097000-06:00,20.0,0.8496133496133498,1699,0,,T1,1
2025-06-12 03:17:41.097000-06:00,20.0,0.7124626916293582,1734,0,,T1,1
2025-06-12 03:18:41.097000-06:00,20.0,0.9155601343101344,1768,0,,T1,1
2025-06-12 03:19:41.097000-06:00,20.0,1.4373063824213246,1806,0,,T1,1
2025-06-12 03:20:41.097000-06:00,20.0,1.1133462216795544,1839,0,,T1,1
2025-06-12 03:21:41.097000-06:00,20.0,0.9132071632071631,1873,0,,T1,1
2025-06-12 03:22:41.097000-06:00,20.0,1.2085236761960898,1288,0,,T1,1
2025-06-12 03:23:41.097000-06:00,20.0,0.7713929588929588,1034,0,,T1,1
2025-06-12 03:24:41.097000-06:00,20.0,1.4067375525708854,1068,0,,T1,1
2025-06-12 03:25:41.097000-06:00,20.0,2.4550603717270376,1101,0,,T1,1
2025-06-12 03:26:41.097000-06:00,20.0,0.5762277845611178,1135,0,,T1,1
2025-06-12 03:27:41.097000-06:00,20.0,0.7095373762040428,1169,0,,T1,1
2025-06-12 03:28:41.097000-06:00,20.0,0.7599884683218016,1202,0,,T1,1
2025-06-12 03:29:41.097000-06:00,20.0,1.0497218830552162,1236,0,,T1,1
2025-06-12 03:30:41.097000-06:00,20.0,1.4812321937321933,1270,0,,T1,1
2025-06-12 03:31:41.097000-06:00,20.0,0.7455738705738709,1302,0,,T1,1
2025-06-12 03:32:41.097000-06:00,20.0,1.4595657375829794,1339,0,,T1,1
2025-06-12 03:33:41.097000-06:00,20.0,2.7939773880865815,1375,0,,T1,1
2025-06-12 03:34:41.097000-06:00,20.0,0.6821496404829739,1406,0,,T1,1
2025-06-12 03:35:41.097000-06:00,20.0,1.4680807006956431,1439,0,,T1,1
2025-06-12 03:36:41.097000-06:00,20.0,1.2963810880477546,1476,0,,T1,1
2025-06-12 03:37:41.097000-06:00,20.0,0.8651726360059693,1510,0,,T1,1
2025-06-12 03:38:41.097000-06:00,20.0,0.8549976258309591,1544,0,,T1,1
2025-06-12 03:39:41.097000-06:00,20.0,0.8510460378276469,1578,0,,T1,1
2025-06-12 03:40:41.097000-06:00,20.0,1.3345628137294803,1608,0,,T1,1
2025-06-12 03:41:41.097000-06:00,20.0,0.947289763238039,1645,0,,T1,1
2025-06-12 03:42:41.097000-06:00,20.0,0.8365554198887533,1683,0,,T1,1
2025-06-12 03:43:41.097000-06:00,20.0,0.6803266178266177,1719,0,,T1,1
2025-06-12 03:44:41.097000-06:00,20.0,0.8982414190747525,1753,0,,T1,1
2025-06-12 03:45:41.097000-06:00,20.0,1.6616419074752404,1784,0,,T1,1
2025-06-12 03:46:41.097000-06:00,20.0,1.1638902923385679,1819,0,,T1,1
2025-06-12 03:47:41.097000-06:00,20.0,1.2556861348528008,1851,0,,T1,1
2025-06-12 03:48:41.097000-06:00,20.0,0.6777316978466402,1886,0,,T1,1
2025-06-12 03:49:41.097000-06:00,20.0,1.5789122914122913,1794,0,,T1,1
2025-06-12 03:50:41.097000-06:00,20.0,2.3555733325848265,1024,0,,T1,1
2025-06-12 03:51:41.097000-06:00,20.0,1.2976105684439012,1056,0,,T1,1
2025-06-12 03:52:41.097000-06:00,20.0,1.3523012481345813,1092,0,,T1,1
2025-06-12 03:53:41.097000-06:00,20.0,0.8151469060951818,1127,0,,T1,1
2025-06-12 03:54:41.097000-06:00,20.0,0.9891805725139056,1161,0,,T1,1
2025-06-12 03:55:41.097000-06:00,20.0,0.9803249219915887,1192,0,,T1,1
2025-06-12 03:56:41.097000-06:00,20.0,0.5997744539411206,1228,0,,T1,1
2025-06-12 03:57:41.097000-06:00,20.0,1.0356464523131188,1262,0,,T1,1
2025-06-12 03:58:41.097000-06:00,20.0,0.9274945733279066,1295,0,,T1,1
2025-06-12 03:59:41.097000-06:00,20.0,0.8292969535785627,1326,0,,T1,1
2025-06-12 04:00:41.097000-06:00,20.0,0.8206671415004748,1362,0,,T1,1
2025-06-12 04:01:41.097000-06:00,20.0,0.7754423205572629,1393,0,,T1,1
2025-06-12 04:02:41.097000-06:00,20.0,0.9599528557861888,1432,0,,T1,1
2025-06-12 04:03:41.097000-06:00,20.0,0.9187675138824564,1470,0,,T1,1
2025-06-12 04:04:41.097000-06:00,20.0,0.6960130918464252,1500,0,,T1,1
2025-06-12 04:05:41.097000-06:00,20.0,1.1433282926099018,1534,0,,T1,1
2025-06-12 04:06:41.097000-06:00,20.0,1.0647300230633563,1570,0,,T1,1
2025-06-12 04:07:41.097000-06:00,20.0,1.438088454755122,1602,0,,T1,1
2025-06-12 04:08:41.097000-06:00,20.0,2.600677047516128,1634,0,,T1,1
2025-06-12 04:09:41.097000-06:00,20.0,3.0595036349346696,1671,0,,T1,1
2025-06-12 04:10:41.097000-06:00,20.0,1.2290716999050333,1702,0,,T1,1
2025-06-12 04:11:41.097000-06:00,20.0,0.7462996879663545,1735,0,,T1,1
2025-06-12 04:12:41.097000-06:00,20.0,0.8032322615655948,1775,0,,T1,1
2025-06-12 04:13:41.097000-06:00,20.0,0.8652062603212031,1804,0,,T1,1
2025-06-12 04:14:41.097000-06:00,20.0,0.9441137566137565,1841,0,,T1,1
2025-06-12 04:15:41.097000-06:00,20.0,1.1038817663817662,1876,0,,T1,1
2025-06-12 04:16:41.097000-06:00,20.0,1.0553195421011514,1786,0,,T1,1
2025-06-12 04:17:41.097000-06:00,20.0,0.7739095780762445,1019,0,,T1,1
2025-06-12 04:18:41.097000-06:00,20.0,1.012485146824227,1052,0,,T1,1
2025-06-12 04:19:41.097000-06:00,20.0,2.5709903442662054,1085,0,,T1,1
2025-06-12 04:20:41.097000-06:00,20.0,1.190603378103378,1119,0,,T1,1
2025-06-12 04:21:41.097000-06:00,20.0,1.0071140279473612,1153,0,,T1,1
2025-06-12 04:22:41.097000-06:00,20.0,0.7716436500919258,1189,0,,T1,1
2025-06-12 04:23:41.097000-06:00,20.0,0.8049280965947633,1221,0,,T1,1
2025-06-12 04:24:41.097000-06:00,20.0,0.970907950074617,1258,0,,T1,1
2025-06-12 04:25:41.097000-06:00,20.0,1.3876373626373624,1290,0,,T1,1
2025-06-12 04:26:41.097000-06:00,20.0,1.129298941798942,1326,0,,T1,1
2025-06-12 04:27:41.097000-06:00,20.0,0.8323582281915615,1361,0,,T1,1
2025-06-12 04:28:41.097000-06:00,20.0,0.9600546058879396,1394,0,,T1,1
2025-06-12 04:29:41.097000-06:00,20.0,1.252882919549586,1424,0,,T1,1
2025-06-12 04:30:41.097000-06:00,20.0,1.323487315153982,1460,0,,T1,1
2025-06-12 04:31:41.097000-06:00,20.0,1.0143213268213267,1497,0,,T1,1
2025-06-12 04:32:41.097000-06:00,20.0,0.9904948446615109,1534,0,,T1,1
2025-06-12 04:33:41.097000-06:00,20.0,0.7765652557319224,1566,0,,T1,1
2025-06-12 04:34:41.097000-06:00,20.0,0.6648945190611856,1602,0,,T1,1
2025-06-12 04:35:41.097000-06:00,20.0,1.1472711090527181,1637,0,,T1,1
2025-06-12 04:36:41.097000-06:00,20.0,1.2808218016551343,1671,0,,T1,1
2025-06-12 04:37:41.097000-06:00,20.0,0.5867165242165242,1705,0,,T1,1
2025-06-12 04:38:41.097000-06:00,20.0,0.7096696513363179,1738,0,,T1,1
2025-06-12 04:39:41.097000-06:00,20.0,0.9157085198751866,1768,0,,T1,1
2025-06-12 04:40:41.097000-06:00,20.0,2.035770248270248,1804,0,,T1,1
2025-06-12 04:41:41.097000-06:00,20.0,2.7524718257476866,1839,0,,T1,1
2025-06-12 04:42:41.097000-06:00,20.0,0.7282017365350698,1878,0,,T1,1
2025-06-12 04:43:41.097000-06:00,20.0,0.6276248602398025,1692,0,,T1,1
2025-06-12 04:44:41.097000-06:00,20.0,0.6948260073260074,996,0,,T1,1
2025-06-12 04:45:41.097000-06:00,20.0,1.3685155361879502,1032,0,,T1,1
2025-06-12 04:46:41.097000-06:00,20.0,2.952258735304711,1066,0,,T1,1
2025-06-12 04:47:41.097000-06:00,20.0,0.7155779405779406,1100,0,,T1,1
2025-06-12 04:48:41.097000-06:00,20.0,0.5741673450006785,1134,0,,T1,1
2025-06-12 04:49:41.097000-06:00,20.0,0.7707570207570206,1168,0,,T1,1
2025-06-12 04:50:41.097000-06:00,20.0,1.6242203252260723,1201,0,,T1,1
2025-06-12 04:51:41.097000-06:00,20.0,2.858928045134942,1235,0,,T1,1
2025-06-12 04:52:41.097000-06:00,20.0,1.1280095224060742,1271,0,,T1,1
2025-06-12 04:53:41.097000-06:00,20.0,0.9339299748782506,1303,0,,T1,1
2025-06-12 04:54:41.097000-06:00,20.0,0.837064170397504,1337,0,,T1,1
2025-06-12 04:55:41.097000-06:00,20.0,1.7614791073124405,1372,0,,T1,1
2025-06-12 04:56:41.097000-06:00,20.0,0.7277316978466403,1408,0,,T1,1
2025-06-12 04:57:41.097000-06:00,20.0,0.8353259394926061,1439,0,,T1,1
2025-06-12 04:58:41.097000-06:00,20.0,1.170791346797094,1471,0,,T1,1
2025-06-12 04:59:41.097000-06:00,20.0,2.6464102096285997,1505,0,,T1,1
2025-06-12 05:00:41.097000-06:00,20.0,1.0837569997052752,1542,0,,T1,1
2025-06-12 05:01:41.097000-06:00,20.0,0.7272164563831232,1574,0,,T1,1
2025-06-12 05:02:41.097000-06:00,20.0,0.897139126305793,1613,0,,T1,1
2025-06-12 05:03:41.097000-06:00,20.0,1.43599070682404,1647,0,,T1,1
2025-06-12 05:04:41.097000-06:00,20.0,0.6650641025641024,1680,0,,T1,1
2025-06-12 05:05:41.097000-06:00,20.0,0.8533017908017907,1714,0,,T1,1
2025-06-12 05:06:41.097000-06:00,20.0,0.6971577804911139,1748,0,,T1,1
2025-06-12 05:07:41.097000-06:00,20.0,0.7274284357617692,1781,0,,T1,1
2025-06-12 05:08:41.097000-06:00,20.0,1.5325597401746824,1815,0,,T1,1
2025-06-12 05:09:41.097000-06:00,20.0,1.0059320309320308,1849,0,,T1,1
2025-06-12 05:10:41.097000-06:00,20.0,0.9183794600461267,1881,0,,T1,1
2025-06-12 05:11:41.097000-06:00,20.0,1.671711775878442,1615,0,,T1,1
2025-06-12 05:12:41.097000-06:00,20.0,0.8855056980056981,1004,0,,T1,1
2025-06-12 05:13:41.097000-06:00,20.0,1.8298352350076494,1039,0,,T1,1
2025-06-12 05:14:41.097000-06:00,20.0,0.815993420160087,1071,0,,T1,1
2025-06-12 05:15:41.097000-06:00,20.0,0.7285731244064578,1106,0,,T1,1
2025-06-12 05:16:41.097000-06:00,20.0,0.8697513905847241,1139,0,,T1,1
2025-06-12 05:17:41.097000-06:00,20.0,1.3183523266856594,1173,0,,T1,1
2025-06-12 05:18:41.097000-06:00,20.0,1.5482278523945185,1207,0,,T1,1
2025-06-12 05:19:41.097000-06:00,20.0,1.1106359849175942,1241,0,,T1,1
2025-06-12 05:20:41.097000-06:00,20.0,0.9245896079229413,1277,0,,T1,1
2025-06-12 05:21:41.097000-06:00,20.0,0.9770807895807895,1310,0,,T1,1
2025-06-12 05:22:41.097000-06:00,20.0,0.9349986433319766,1348,0,,T1,1
2025-06-12 05:23:41.097000-06:00,20.0,1.9684820288268565,1382,0,,T1,1
2025-06-12 05:24:41.097000-06:00,20.0,1.0511633428300096,1415,0,,T1,1
2025-06-12 05:25:41.097000-06:00,20.0,1.059700176366843,1450,0,,T1,1
2025-06-12 05:26:41.097000-06:00,20.0,0.9033068783068784,1483,0,,T1,1
2025-06-12 05:27:41.097000-06:00,20.0,1.4669309245458677,1515,0,,T1,1
2025-06-12 05:28:41.097000-06:00,20.0,1.8582828676219474,1550,0,,T1,1
2025-06-12 05:29:41.097000-06:00,20.0,1.3146961063627731,1584,0,,T1,1
2025-06-12 05:30:41.097000-06:00,20.0,1.1281542531542534,1618,0,,T1,1
2025-06-12 05:31:41.097000-06:00,20.0,0.9409705263871929,1652,0,,T1,1
2025-06-12 05:32:41.097000-06:00,20.0,0.6958011124677791,1689,0,,T1,1
2025-06-12 05:33:41.097000-06:00,20.0,0.916910866910867,1723,0,,T1,1
2025-06-12 05:34:41.097000-06:00,20.0,0.8514787681454351,1757,0,,T1,1
2025-06-12 05:35:41.097000-06:00,20.0,1.0774487857821187,1789,0,,T1,1
2025-06-12 05:36:41.097000-06:00,20.0,1.179166666666667,1824,0,,T1,1
2025-06-12 05:37:41.097000-06:00,20.0,0.7182497286663956,1857,0,,T1,1
2025-06-12 05:38:41.097000-06:00,20.0,0.8231311897978564,1892,0,,T1,1
2025-06-12 05:39:41.097000-06:00,20.0,0.7605820105820106,1480,0,,T1,1
2025-06-12 05:40:41.097000-06:00,20.0,1.0935168226834893,1010,0,,T1,1
2025-06-12 05:41:41.097000-06:00,20.0,1.4579568579568574,1042,0,,T1,1
2025-06-12 05:42:41.097000-06:00,20.0,0.7012277845611178,1077,0,,T1,1
2025-06-12 05:43:41.097000-06:00,20.0,0.7600732600732603,1112,0,,T1,1
2025-06-12 05:44:41.097000-06:00,20.0,0.925413491361767,1147,0,,T1,1
2025-06-12 05:45:41.097000-06:00,20.0,1.3575919610402372,1182,0,,T1,1
2025-06-12 05:46:41.097000-06:00,20.0,2.163991457669619,1215,0,,T1,1
2025-06-12 05:47:41.097000-06:00,20.0,0.9007427757427755,1246,0,,T1,1
2025-06-12 05:48:41.097000-06:00,20.0,0.8996791947941373,1282,0,,T1,1
2025-06-12 05:49:41.097000-06:00,20.0,1.0060592185592185,1315,0,,T1,1
2025-06-12 05:50:41.097000-06:00,20.0,0.8354107312440643,1350,0,,T1,1
2025-06-12 05:51:41.097000-06:00,20.0,1.2326176909510242,1384,0,,T1,1
2025-06-12 05:52:41.097000-06:00,20.0,1.0864841948175281,1421,0,,T1,1
2025-06-12 05:53:41.097000-06:00,20.0,1.264796160629494,1453,0,,T1,1
2025-06-12 05:54:41.097000-06:00,20.0,1.0367589200922533,1493,0,,T1,1
2025-06-12 05:55:41.097000-06:00,20.0,1.249520488026235,1527,0,,T1,1
2025-06-12 05:56:41.097000-06:00,20.0,1.118059648950453,1560,0,,T1,1
2025-06-12 05:57:41.097000-06:00,20.0,0.9623863790530455,1594,0,,T1,1
2025-06-12 05:58:41.097000-06:00,20.0,1.0809252475919144,1628,0,,T1,1
